{
  "HR": 1.25,
  "chambers": {
    "LA": {
      "EA": 0.0863346327574276,
      "EB": 0.10054425337889783,
      "TC": 0.17,
      "TR": 0.17,
      "tC": 0.9,
      "V0": 4.0
    },
    "LV": {
      "EA": 5.854109004007407,
      "EB": 0.07520858443294617,
      "TC": 0.21228850079574185,
      "TR": 0.3595193843578731,
      "tC": 0.1,
      "V0": 60.3050505261663,
      "kE": 0.0025325350676181917
    },
    "RA": {
      "EA": 0.06,
      "EB": 0.07,
      "TC": 0.17,
      "TR": 0.17,
      "tC": 0.9,
      "V0": 4.0
    },
    "RV": {
      "EA": 2.4757678842700828,
      "EB": 0.14839123099164955,
      "TC": 0.27448457485838673,
      "TR": 0.31963931701294424,
      "tC": 0.1,
      "V0": 10.088796120618875,
      "kE": 0.012830050093960089
    }
  },
  "valves": {
    "MV": {
      "Rmin": 0.019541805466387115,
      "Rmax": 75006.2
    },
    "AV": {
      "Rmin": 0.0075,
      "Rmax": 75006.2
    },
    "TV": {
      "Rmin": 0.0075,
      "Rmax": 75006.2
    },
    "PV": {
      "Rmin": 0.0075,
      "Rmax": 75006.2
    }
  },
  "circulation": {
    "SYS": {
      "R_AR": 0.9154857022209445,
      "C_AR": 0.9879020439070201,
      "R_VEN": 0.32,
      "C_VEN": 71.00249736059416,
      "L_AR": 0.005,
      "L_VEN": 0.0005
    },
    "PUL": {
      "R_AR": 0.7513027927517819,
      "C_AR": 0.6266749585649806,
      "R_VEN": 0.5595219439319101,
      "C_VEN": 5.27320690860574,
      "L_AR": 0.0005,
      "L_VEN": 0.0005
    },
    "external": {
      "start_withdrawal": 0.0,
      "end_withdrawal": 0.0,
      "start_infusion": 0.0,
      "end_infusion": 0.0,
      "flow_withdrawal": 0.0,
      "flow_infusion": 0.0
    }
  }
}